{
  "n_layers": 3,
  "units1": 96,
  "units2": 64,
  "units3": 64,
  "dropout": 0.186909009331792,
  "lr": 0.0007790143126276247,
  "l2": 1.4445251022763048e-06,
  "batch_size": 512,
  "epochs": 17
}